{
  "overall_statistics": {
    "overall_hit_rate_top1": 0.36577181208053694,
    "overall_hit_rate_top3": 0.7718120805369127,
    "total_predictions": 298,
    "total_hits_top1": 109,
    "total_hits_top3": 230,
    "season_hit_rates_top1": {
      "1": 0.3333333333333333,
      "2": 0.2857142857142857,
      "3": 0.2857142857142857,
      "4": 0.625,
      "5": 0.3333333333333333,
      "6": 0.5555555555555556,
      "7": 0.6666666666666666,
      "8": 0.4,
      "9": 0.16666666666666666,
      "10": 0.625,
      "11": 0.3333333333333333,
      "12": 0.375,
      "13": 0.4444444444444444,
      "14": 0.3333333333333333,
      "15": 0.2,
      "16": 0.5,
      "17": 0.3333333333333333,
      "18": 0.25,
      "19": 0.3,
      "20": 0.1111111111111111,
      "21": 0.25,
      "22": 0.4444444444444444,
      "23": 0.5,
      "24": 0.2222222222222222,
      "25": 0.4,
      "26": 0.2857142857142857,
      "27": 0.1111111111111111,
      "28": 0.42857142857142855,
      "29": 0.5,
      "30": 0.45454545454545453,
      "31": 0.45454545454545453,
      "32": 0.3333333333333333,
      "33": 0.375,
      "34": 0.2222222222222222
    },
    "season_hit_rates_top3": {
      "1": 1.0,
      "2": 1.0,
      "3": 0.7142857142857143,
      "4": 0.875,
      "5": 0.8888888888888888,
      "6": 0.8888888888888888,
      "7": 0.8888888888888888,
      "8": 0.9,
      "9": 0.6666666666666666,
      "10": 0.75,
      "11": 0.8888888888888888,
      "12": 0.875,
      "13": 0.6666666666666666,
      "14": 0.8888888888888888,
      "15": 0.5,
      "16": 1.0,
      "17": 0.5555555555555556,
      "18": 0.5,
      "19": 0.8,
      "20": 0.4444444444444444,
      "21": 0.625,
      "22": 0.8888888888888888,
      "23": 0.9,
      "24": 0.7777777777777778,
      "25": 0.7,
      "26": 0.7142857142857143,
      "27": 0.4444444444444444,
      "28": 0.7142857142857143,
      "29": 1.0,
      "30": 0.9090909090909091,
      "31": 0.8181818181818182,
      "32": 0.6666666666666666,
      "33": 0.875,
      "34": 0.6666666666666666
    }
  },
  "consistency_metrics": {
    "overall_posterior_consistency": 0.5795820200429057,
    "overall_map_match_rate": 0.8181818181818182,
    "season_metrics": {
      "1": {
        "posterior_consistency": 0.9372139014507163,
        "map_match_rate": 1.0
      },
      "2": {
        "posterior_consistency": 0.8135382110710399,
        "map_match_rate": 1.0
      },
      "3": {
        "posterior_consistency": 0.4240878374650933,
        "map_match_rate": 0.42857142857142855
      },
      "4": {
        "posterior_consistency": 0.6160145318466714,
        "map_match_rate": 1.0
      },
      "5": {
        "posterior_consistency": 0.49286269568956875,
        "map_match_rate": 0.8888888888888888
      },
      "6": {
        "posterior_consistency": 0.6112002256836926,
        "map_match_rate": 0.875
      },
      "7": {
        "posterior_consistency": 0.623481871165257,
        "map_match_rate": 0.875
      },
      "8": {
        "posterior_consistency": 0.5424496181024627,
        "map_match_rate": 0.7777777777777778
      },
      "9": {
        "posterior_consistency": 0.4513313375213297,
        "map_match_rate": 0.6666666666666666
      },
      "10": {
        "posterior_consistency": 0.580006888928389,
        "map_match_rate": 0.875
      },
      "11": {
        "posterior_consistency": 0.43403170429809657,
        "map_match_rate": 0.6666666666666666
      },
      "12": {
        "posterior_consistency": 0.5150359206914613,
        "map_match_rate": 0.875
      },
      "13": {
        "posterior_consistency": 0.5123621122204427,
        "map_match_rate": 1.0
      },
      "14": {
        "posterior_consistency": 0.5622355482198351,
        "map_match_rate": 1.0
      },
      "15": {
        "posterior_consistency": 0.5331786014132732,
        "map_match_rate": 0.8571428571428571
      },
      "16": {
        "posterior_consistency": 0.606703273752642,
        "map_match_rate": 0.875
      },
      "17": {
        "posterior_consistency": 0.38432303886311026,
        "map_match_rate": 0.4444444444444444
      },
      "18": {
        "posterior_consistency": 0.4008690567807231,
        "map_match_rate": 0.5714285714285714
      },
      "19": {
        "posterior_consistency": 0.458341357926057,
        "map_match_rate": 0.6
      },
      "20": {
        "posterior_consistency": 0.38729995088970104,
        "map_match_rate": 0.875
      },
      "21": {
        "posterior_consistency": 0.5324581993624838,
        "map_match_rate": 1.0
      },
      "22": {
        "posterior_consistency": 0.6411677202527105,
        "map_match_rate": 1.0
      },
      "23": {
        "posterior_consistency": 0.5623997802355157,
        "map_match_rate": 1.0
      },
      "24": {
        "posterior_consistency": 0.507865251424026,
        "map_match_rate": 1.0
      },
      "25": {
        "posterior_consistency": 0.5856980458238229,
        "map_match_rate": 0.875
      },
      "26": {
        "posterior_consistency": 0.7766666666666667,
        "map_match_rate": 1.0
      },
      "27": {
        "posterior_consistency": 0.2945477746297241,
        "map_match_rate": 0.42857142857142855
      },
      "28": {
        "posterior_consistency": 0.7708571428468177,
        "map_match_rate": 0.8571428571428571
      },
      "29": {
        "posterior_consistency": 0.8702863797238513,
        "map_match_rate": 0.8888888888888888
      },
      "30": {
        "posterior_consistency": 0.727184620661586,
        "map_match_rate": 0.75
      },
      "31": {
        "posterior_consistency": 0.95304857427187,
        "map_match_rate": 1.0
      },
      "32": {
        "posterior_consistency": 0.6884444444387389,
        "map_match_rate": 0.7777777777777778
      },
      "33": {
        "posterior_consistency": 0.5603333333305441,
        "map_match_rate": 0.5
      },
      "34": {
        "posterior_consistency": 0.6802499999995649,
        "map_match_rate": 0.75
      }
    }
  },
  "uncertainty_heterogeneity": {
    "overall_avg_ci_width": 0.2212137005146097,
    "by_status": {
      "eliminated": 0.11643420861335681,
      "survivor": 0.23715607197704416
    },
    "by_week_phase": {
      "early": 0.17614100193565746,
      "middle": 0.23637002209316452,
      "late": 0.31541890128044786
    },
    "heterogeneity_ratio": 2.036824699556885
  },
  "top_controversies": [
    {
      "season": 33,
      "week": 2,
      "eliminated": [
        "Tori Spelling",
        "Anna Delvey"
      ],
      "log_likelihood": -210.56004037507893,
      "surprise_score": 210.56004037507893
    },
    {
      "season": 34,
      "week": 2,
      "eliminated": [
        "Corey Feldman",
        "Baron Davis"
      ],
      "log_likelihood": -118.2975151710602,
      "surprise_score": 118.2975151710602
    },
    {
      "season": 30,
      "week": 4,
      "eliminated": [
        "Brian Austin Green",
        "Matt James"
      ],
      "log_likelihood": -66.13201983314202,
      "surprise_score": 66.13201983314202
    },
    {
      "season": 2,
      "week": 2,
      "eliminated": [
        "Tatum O'Neal"
      ],
      "log_likelihood": -44.304222096006285,
      "surprise_score": 44.304222096006285
    },
    {
      "season": 1,
      "week": 2,
      "eliminated": [
        "Trista Sutter"
      ],
      "log_likelihood": -39.97519166870728,
      "surprise_score": 39.97519166870728
    },
    {
      "season": 2,
      "week": 3,
      "eliminated": [
        "Giselle Fernandez"
      ],
      "log_likelihood": -38.329092726691464,
      "surprise_score": 38.329092726691464
    },
    {
      "season": 30,
      "week": 9,
      "eliminated": [
        "Melora Hardin",
        "Suni Lee"
      ],
      "log_likelihood": -37.98321956434795,
      "surprise_score": 37.98321956434795
    },
    {
      "season": 29,
      "week": 10,
      "eliminated": [
        "Skai Jackson",
        "Johnny Weir"
      ],