{
  "overall_statistics": {
    "overall_hit_rate_top1": 0.35906040268456374,
    "overall_hit_rate_top3": 0.7684563758389261,
    "total_predictions": 298,
    "total_hits_top1": 107,
    "total_hits_top3": 229,
    "season_hit_rates_top1": {
      "1": 0.3333333333333333,
      "2": 0.2857142857142857,
      "3": 0.2857142857142857,
      "4": 0.375,
      "5": 0.4444444444444444,
      "6": 0.5555555555555556,
      "7": 0.4444444444444444,
      "8": 0.4,
      "9": 0.16666666666666666,
      "10": 0.625,
      "11": 0.3333333333333333,
      "12": 0.375,
      "13": 0.4444444444444444,
      "14": 0.4444444444444444,
      "15": 0.3,
      "16": 0.625,
      "17": 0.3333333333333333,
      "18": 0.25,
      "19": 0.2,
      "20": 0.1111111111111111,
      "21": 0.25,
      "22": 0.5555555555555556,
      "23": 0.6,
      "24": 0.3333333333333333,
      "25": 0.4,
      "26": 0.2857142857142857,
      "27": 0.1111111111111111,
      "28": 0.42857142857142855,
      "29": 0.6,
      "30": 0.36363636363636365,
      "31": 0.2727272727272727,
      "32": 0.2222222222222222,
      "33": 0.375,
      "34": 0.1111111111111111
    },
    "season_hit_rates_top3": {
      "1": 1.0,
      "2": 1.0,
      "3": 0.5714285714285714,
      "4": 0.875,
      "5": 0.8888888888888888,
      "6": 1.0,
      "7": 0.7777777777777778,
      "8": 0.9,
      "9": 0.75,
      "10": 0.875,
      "11": 0.6666666666666666,
      "12": 1.0,
      "13": 0.6666666666666666,
      "14": 1.0,
      "15": 0.7,
      "16": 1.0,
      "17": 0.7777777777777778,
      "18": 0.625,
      "19": 0.8,
      "20": 0.4444444444444444,
      "21": 0.625,
      "22": 0.8888888888888888,
      "23": 0.8,
      "24": 0.7777777777777778,
      "25": 0.8,
      "26": 0.7142857142857143,
      "27": 0.5555555555555556,
      "28": 0.7142857142857143,
      "29": 1.0,
      "30": 0.6363636363636364,
      "31": 0.7272727272727273,
      "32": 0.5555555555555556,
      "33": 0.75,
      "34": 0.4444444444444444
    }
  },
  "top_controversies": [
    {
      "season": 33,
      "week": 2,
      "eliminated": [
        "Tori Spelling",
        "Anna Delvey"
      ],
      "log_likelihood": -149.0589670019839,
      "surprise_score": 149.0589670019839
    },
    {
      "season": 34,
      "week": 2,
      "eliminated": [
        "Corey Feldman",
        "Baron Davis"
      ],
      "log_likelihood": -53.89140187469422,
      "surprise_score": 53.89140187469422
    },
    {
      "season": 30,
      "week": 8,
      "eliminated": [
        "Jimmie Allen",
        "Olivia Jade"
      ],
      "log_likelihood": -53.561718259854466,
      "surprise_score": 53.561718259854466
    },
    {
      "season": 30,
      "week": 9,
      "eliminated": [
        "Melora Hardin",
        "Suni Lee"
      ],
      "log_likelihood": -48.65436468077958,
      "surprise_score": 48.65436468077958
    },
    {
      "season": 2,
      "week": 3,
      "eliminated": [
        "Giselle Fernandez"
      ],
      "log_likelihood": -41.4532190724902,
      "surprise_score": 41.4532190724902
    },
    {
      "season": 2,
      "week": 2,
      "eliminated": [
        "Tatum O'Neal"
      ],
      "log_likelihood": -35.65789117148364,
      "surprise_score": 35.65789117148364
    },
    {
      "season": 29,
      "week": 10,
      "eliminated": [
        "Skai Jackson",
        "Johnny Weir"
      ],
      "log_likelihood": -30.762178196548838,
      "surprise_score": 30.762178196548838
    },
    {
      "season": 1,
      "week": 2,
      "eliminated": [
        "Trista Sutter"
      ],
      "log_likelihood": -27.914990251055073,
      "surprise_score": 27.914990251055073
    },
    {
      "season": 30,
      "week": 4,
      "eliminated": [
        "Brian Austin Green",
        "Matt James"
      ],
      "log_likelihood": -23.5467567187586,
      "surprise_score": 23.5467567187586
    },
    {
      "season": 30,
      "week": 5,
      "eliminated": [
        "Melanie C"
      ],
      "log_likelihood": -23.025850929940454,
      "surprise_score": 23.025850929940454
    },
    {
      "season": 32,
      "week": 7,
      "eliminated": [
        "Lele Pons"
      ],
      "log_likelihood": -23.025850929940454,
      "surprise_score": 23.025850929940454
    },
    {
      "season": 28,
      "week": 6,
      "eliminated": [
        "Sailor Brinkley-Cook"
      ],
      "log_likelihood": -23.009957132525205,
      "surprise_score": 23.009957132525205
    },
    {
      "season": 33,
      "week": 6,
      "eliminated": [
        "Jenn Tran"
      ],
      "log_likelihood": -22.985344414392785,
      "surprise_score": 22.985344414392785
    },
    {
      "season": 34,
      "week": 4,
      "eliminated": [
        "Hilaria Baldwin"
      ],
      "log_likelihood": -22.828623061518797,
      "surprise_score": 22.828623061518797
    },
    {
      "season": 30,
      "week": 3,
      "eliminated": [
        "Christine Chiu"
      ],
      "log_likelihood": -22.572387933046432,
      "surprise_score": 22.572387933046432
    },
    {
      "season": 1,
      "week": 4,
      "eliminated": [
        "Rachel Hunter"
      ],
      "log_likelihood": -22.23724848605371,
      "surprise_score": 22.23724848605371
    },
    {
      "season": 34,
      "week": 10,
      "eliminated": [
        "Whitney Leavitt"
      ],
      "log_likelihood": -21.98341825050077,
      "surprise_score": 21.98341825050077
    },
    {
      "season": 32,
      "week": 2,
      "eliminated": [
        "Jamie Lynn Spears"
      ],
      "log_likelihood": -21.834891825936896,
      "surprise_score": 21.834891825936896
    },
    {
      "season": 32,
      "week": 8,
      "eliminated": [
        "Barry Williams"
      ],
      "log_likelihood": -19.86557825496459,
      "surprise_score": 19.86557825496459
    },
    {
      "season": 34,
      "week": 7,
      "eliminated": [
        "Jen Affleck"
      ],
      "log_likelihood": -19.358586987796073,
      "surprise_score": 19.358586987796073
    }
  ],
  "rule_fairness_analysis": {
    "percentage_rule": {
      "seasons": [
        3,
        4,
        5,
        6,
        7,
        8,
        9,
        10,
        11,
        12,
        13,
        14,
        15,
        16,
        17,
        18,
        19,
        20,
        21,
        22,
        23,
        24,
        25,
        26,
        27
      ],
      "avg_hit_rate": 0.7792063492063492,
      "avg_populist_bias": -0.10294777029903127
    },
    "rank_rule": {
      "seasons": [
        1,
        2,
        28,
        29,
        30,
        31,
        32,
        33,
        34
      ],
      "avg_hit_rate": 0.7586580086580087,
      "avg_populist_bias": -0.12645989086970133
    }
  }
}