{
  "overall_statistics": {
    "overall_hit_rate_top1": 0.35570469798657717,
    "overall_hit_rate_top3": 0.7550335570469798,
    "total_predictions": 298,
    "total_hits_top1": 106,
    "total_hits_top3": 225,
    "season_hit_rates_top1": {
      "1": 0.3333333333333333,
      "2": 0.2857142857142857,
      "3": 0.2857142857142857,
      "4": 0.375,
      "5": 0.3333333333333333,
      "6": 0.5555555555555556,
      "7": 0.4444444444444444,
      "8": 0.4,
      "9": 0.16666666666666666,
      "10": 0.625,
      "11": 0.3333333333333333,
      "12": 0.5,
      "13": 0.4444444444444444,
      "14": 0.4444444444444444,
      "15": 0.3,
      "16": 0.625,
      "17": 0.3333333333333333,
      "18": 0.25,
      "19": 0.2,
      "20": 0.1111111111111111,
      "21": 0.25,
      "22": 0.5555555555555556,
      "23": 0.6,
      "24": 0.3333333333333333,
      "25": 0.3,
      "26": 0.2857142857142857,
      "27": 0.1111111111111111,
      "28": 0.42857142857142855,
      "29": 0.5,
      "30": 0.45454545454545453,
      "31": 0.2727272727272727,
      "32": 0.2222222222222222,
      "33": 0.25,
      "34": 0.2222222222222222
    },
    "season_hit_rates_top3": {
      "1": 1.0,
      "2": 0.8571428571428571,
      "3": 0.5714285714285714,
      "4": 0.875,
      "5": 0.8888888888888888,
      "6": 1.0,
      "7": 0.7777777777777778,
      "8": 0.7,
      "9": 0.75,
      "10": 0.875,
      "11": 0.6666666666666666,
      "12": 1.0,
      "13": 0.6666666666666666,
      "14": 0.8888888888888888,
      "15": 0.6,
      "16": 1.0,
      "17": 0.7777777777777778,
      "18": 0.625,
      "19": 0.9,
      "20": 0.5555555555555556,
      "21": 0.625,
      "22": 0.8888888888888888,
      "23": 0.8,
      "24": 0.6666666666666666,
      "25": 0.8,
      "26": 0.7142857142857143,
      "27": 0.5555555555555556,
      "28": 0.5714285714285714,
      "29": 1.0,
      "30": 0.7272727272727273,
      "31": 0.7272727272727273,
      "32": 0.5555555555555556,
      "33": 0.75,
      "34": 0.4444444444444444
    }
  },
  "consistency_metrics": {
    "overall_posterior_consistency": 0.4874398377322675,
    "overall_map_match_rate": 0.5113636363636364,
    "season_metrics": {
      "1": {
        "posterior_consistency": 0.9654800970311798,
        "map_match_rate": 1.0
      },
      "2": {
        "posterior_consistency": 0.7469234357799779,
        "map_match_rate": 0.8571428571428571
      },
      "3": {
        "posterior_consistency": 0.3427478585831531,
        "map_match_rate": 0.2857142857142857
      },
      "4": {
        "posterior_consistency": 0.4582571467173177,
        "map_match_rate": 0.375
      },
      "5": {
        "posterior_consistency": 0.4303225177896537,
        "map_match_rate": 0.4444444444444444
      },
      "6": {
        "posterior_consistency": 0.599618123032384,
        "map_match_rate": 0.75
      },
      "7": {
        "posterior_consistency": 0.5279923503599053,
        "map_match_rate": 0.625
      },
      "8": {
        "posterior_consistency": 0.5020633033512141,
        "map_match_rate": 0.5555555555555556
      },
      "9": {
        "posterior_consistency": 0.32752573445878524,
        "map_match_rate": 0.3333333333333333
      },
      "10": {
        "posterior_consistency": 0.5985014660621123,
        "map_match_rate": 0.625
      },
      "11": {
        "posterior_consistency": 0.384742497413796,
        "map_match_rate": 0.4444444444444444
      },
      "12": {
        "posterior_consistency": 0.5456558979662591,
        "map_match_rate": 0.625
      },
      "13": {
        "posterior_consistency": 0.4512121280345882,
        "map_match_rate": 0.4444444444444444
      },
      "14": {
        "posterior_consistency": 0.5589593219059377,
        "map_match_rate": 0.75
      },
      "15": {
        "posterior_consistency": 0.44002756900558515,
        "map_match_rate": 0.42857142857142855
      },
      "16": {
        "posterior_consistency": 0.6380269950465628,
        "map_match_rate": 0.75
      },
      "17": {
        "posterior_consistency": 0.33004123616867115,
        "map_match_rate": 0.3333333333333333
      },
      "18": {
        "posterior_consistency": 0.2708175719970705,
        "map_match_rate": 0.2857142857142857
      },
      "19": {
        "posterior_consistency": 0.2998536714298229,
        "map_match_rate": 0.3
      },
      "20": {
        "posterior_consistency": 0.2502457381649099,
        "map_match_rate": 0.25
      },
      "21": {
        "posterior_consistency": 0.36822315985432746,
        "map_match_rate": 0.2857142857142857
      },
      "22": {
        "posterior_consistency": 0.655657944099775,
        "map_match_rate": 0.7142857142857143
      },
      "23": {
        "posterior_consistency": 0.5964511757558641,
        "map_match_rate": 0.7777777777777778
      },
      "24": {
        "posterior_consistency": 0.4070189984645618,
        "map_match_rate": 0.625
      },
      "25": {
        "posterior_consistency": 0.5400206580644915,
        "map_match_rate": 0.75
      },
      "26": {
        "posterior_consistency": 0.7456293318085722,
        "map_match_rate": 0.6666666666666666
      },
      "27": {
        "posterior_consistency": 0.1852897175878033,
        "map_match_rate": 0.14285714285714285
      },
      "28": {
        "posterior_consistency": 0.4930199898116595,
        "map_match_rate": 0.42857142857142855
      },
      "29": {
        "posterior_consistency": 0.7073317510443258,
        "map_match_rate": 0.6666666666666666
      },
      "30": {
        "posterior_consistency": 0.6264627999897581,
        "map_match_rate": 0.625
      },
      "31": {
        "posterior_consistency": 0.7237924857569044,
        "map_match_rate": 0.4444444444444444
      },
      "32": {
        "posterior_consistency": 0.34408209126397554,
        "map_match_rate": 0.2222222222222222
      },
      "33": {
        "posterior_consistency": 0.6500493535850712,
        "map_match_rate": 0.6666666666666666
      },
      "34": {
        "posterior_consistency": 0.3686056320527049,
        "map_match_rate": 0.375
      }
    }
  },
  "top_controversies": [
    {
      "season": 33,
      "week": 2,
      "eliminated": [
        "Tori Spelling",
        "Anna Delvey"
      ],
      "log_likelihood": -150.32195261084405,
      "surprise_score": 150.32195261084405
    },
    {
      "season": 34,
      "week": 2,
      "eliminated": [
        "Corey Feldman",
        "Baron Davis"
      ],
      "log_likelihood": -53.4251851030671,
      "surprise_score": 53.4251851030671
    },
    {
      "season": 29,
      "week": 10,
      "eliminated": [
        "Skai Jackson",
        "Johnny Weir"
      ],
      "log_likelihood": -49.80516223938009,
      "surprise_score": 49.80516223938009
    },
    {
      "season": 30,
      "week": 9,
      "eliminated": [
        "Melora Hardin",
        "Suni Lee"
      ],
      "log_likelihood": -48.569747718714815,
      "surprise_score": 48.569747718714815
    },
    {
      "season": 2,
      "week": 3,
      "eliminated": [
        "Giselle Fernandez"
      ],
      "log_likelihood": -47.370855469030346,
      "surprise_score": 47.370855469030346
    },
    {
      "season": 2,
      "week": 2,
      "eliminated": [
        "Tatum O'Neal"
      ],
      "log_likelihood": -36.701330560922095,
      "surprise_score": 36.701330560922095
    },
    {
      "season": 1,
      "week": 2,
      "eliminated": [
        "Trista Sutter"
      ],
      "log_likelihood": -30.228382671735687,
      "surprise_score": 30.228382671735687
    },
    {
      "season": 33,
      "week": 3,
      "eliminated": [
        "Eric Roberts",
        "Reginald VelJohnson"
      ],
      "log_likelihood": -28.09575955138213,
      "surprise_score": 28.09575955138213
    },
    {
      "season": 1,
      "week": 4,
      "eliminated": [
        "Rachel Hunter"
      ],
      "log_likelihood": -27.220708775360603,