{
  "overall_statistics": {
    "overall_hit_rate_top1": 0.36577181208053694,
    "overall_hit_rate_top3": 0.785234899328859,
    "total_predictions": 298,
    "total_hits_top1": 109,
    "total_hits_top3": 234,
    "season_hit_rates_top1": {
      "1": 0.3333333333333333,
      "2": 0.42857142857142855,
      "3": 0.2857142857142857,
      "4": 0.375,
      "5": 0.4444444444444444,
      "6": 0.5555555555555556,
      "7": 0.4444444444444444,
      "8": 0.4,
      "9": 0.16666666666666666,
      "10": 0.625,
      "11": 0.3333333333333333,
      "12": 0.375,
      "13": 0.4444444444444444,
      "14": 0.4444444444444444,
      "15": 0.3,
      "16": 0.625,
      "17": 0.3333333333333333,
      "18": 0.25,
      "19": 0.2,
      "20": 0.2222222222222222,
      "21": 0.375,
      "22": 0.5555555555555556,
      "23": 0.6,
      "24": 0.3333333333333333,
      "25": 0.3,
      "26": 0.2857142857142857,
      "27": 0.1111111111111111,
      "28": 0.42857142857142855,
      "29": 0.6,
      "30": 0.36363636363636365,
      "31": 0.2727272727272727,
      "32": 0.2222222222222222,
      "33": 0.25,
      "34": 0.2222222222222222
    },
    "season_hit_rates_top3": {
      "1": 1.0,
      "2": 1.0,
      "3": 0.7142857142857143,
      "4": 0.875,
      "5": 0.8888888888888888,
      "6": 1.0,
      "7": 0.7777777777777778,
      "8": 0.8,
      "9": 0.75,
      "10": 0.875,
      "11": 0.6666666666666666,
      "12": 1.0,
      "13": 0.6666666666666666,
      "14": 1.0,
      "15": 0.6,
      "16": 1.0,
      "17": 0.6666666666666666,
      "18": 0.625,
      "19": 0.9,
      "20": 0.6666666666666666,
      "21": 0.625,
      "22": 1.0,
      "23": 0.9,
      "24": 0.7777777777777778,
      "25": 0.8,
      "26": 0.8571428571428571,
      "27": 0.3333333333333333,
      "28": 0.8571428571428571,
      "29": 1.0,
      "30": 0.8181818181818182,
      "31": 0.7272727272727273,
      "32": 0.5555555555555556,
      "33": 0.625,
      "34": 0.5555555555555556
    }
  },
  "top_controversies": [
    {
      "season": 33,
      "week": 2,
      "eliminated": [
        "Tori Spelling",
        "Anna Delvey"
      ],
      "log_likelihood": -142.8904318848428,
      "surprise_score": 142.8904318848428
    },
    {
      "season": 34,
      "week": 2,
      "eliminated": [
        "Corey Feldman",
        "Baron Davis"
      ],
      "log_likelihood": -59.09687603786706,
      "surprise_score": 59.09687603786706
    },
    {
      "season": 30,
      "week": 9,
      "eliminated": [
        "Melora Hardin",
        "Suni Lee"
      ],
      "log_likelihood": -43.15659853950964,
      "surprise_score": 43.15659853950964
    },
    {
      "season": 2,
      "week": 3,
      "eliminated": [
        "Giselle Fernandez"
      ],
      "log_likelihood": -41.093273679053674,
      "surprise_score": 41.093273679053674
    },
    {
      "season": 2,
      "week": 2,
      "eliminated": [
        "Tatum O'Neal"
      ],
      "log_likelihood": -37.57439545095405,
      "surprise_score": 37.57439545095405
    },
    {
      "season": 29,
      "week": 10,
      "eliminated": [
        "Skai Jackson",
        "Johnny Weir"
      ],
      "log_likelihood": -37.20424592931529,
      "surprise_score": 37.20424592931529
    },
    {
      "season": 1,
      "week": 2,
      "eliminated": [
        "Trista Sutter"
      ],
      "log_likelihood": -30.568499684870506,
      "surprise_score": 30.568499684870506
    },
    {
      "season": 1,
      "week": 4,
      "eliminated": [
        "Rachel Hunter"
      ],
      "log_likelihood": -27.00696184250994,
      "surprise_score": 27.00696184250994
    },
    {
      "season": 32,
      "week": 7,
      "eliminated": [
        "Lele Pons"
      ],
      "log_likelihood": -23.02585092994045,
      "surprise_score": 23.02585092994045
    },
    {
      "season": 33,
      "week": 6,
      "eliminated": [
        "Jenn Tran"
      ],
      "log_likelihood": -23.02585092994045,
      "surprise_score": 23.02585092994045
    },
    {
      "season": 30,
      "week": 5,
      "eliminated": [
        "Melanie C"
      ],
      "log_likelihood": -22.975810646430975,
      "surprise_score": 22.975810646430975
    },
    {
      "season": 34,
      "week": 4,
      "eliminated": [
        "Hilaria Baldwin"
      ],
      "log_likelihood": -22.6126092615882,
      "surprise_score": 22.6126092615882
    },
    {
      "season": 34,
      "week": 10,
      "eliminated": [
        "Whitney Leavitt"
      ],
      "log_likelihood": -22.566914748952644,
      "surprise_score": 22.566914748952644
    },
    {
      "season": 30,
      "week": 3,
      "eliminated": [
        "Christine Chiu"
      ],
      "log_likelihood": -22.39664427675242,
      "surprise_score": 22.39664427675242
    },
    {
      "season": 32,
      "week": 4,
      "eliminated": [
        "Adrian Peterson"
      ],
      "log_likelihood": -22.280869559817372,
      "surprise_score": 22.280869559817372
    },
    {
      "season": 32,
      "week": 6,
      "eliminated": [
        "Mauricio Umansky"
      ],
      "log_likelihood": -21.761578161943063,
      "surprise_score": 21.761578161943063
    },
    {
      "season": 32,
      "week": 2,
      "eliminated": [
        "Jamie Lynn Spears"
      ],
      "log_likelihood": -21.55679324115614,
      "surprise_score": 21.55679324115614
    },
    {
      "season": 31,
      "week": 5,
      "eliminated": [
        "Joseph Baena"
      ],
      "log_likelihood": -20.58357402426204,
      "surprise_score": 20.58357402426204
    },
    {
      "season": 28,
      "week": 7,
      "eliminated": [
        "Karamo Brown"
      ],
      "log_likelihood": -20.26374603014792,
      "surprise_score": 20.26374603014792
    },
    {
      "season": 28,
      "week": 6,
      "eliminated": [
        "Sailor Brinkley-Cook"
      ],
      "log_likelihood": -20.09204439519262,
      "surprise_score": 20.09204439519262
    }
  ],
  "rule_fairness_analysis": {
    "percentage_rule": {
      "seasons": [
        3,
        4,
        5,
        6,
        7,
        8,
        9,
        10,
        11,
        12,
        13,
        14,
        15,
        16,
        17,
        18,
        19,
        20,
        21,
        22,
        23,
        24,
        25,
        26,
        27
      ],
      "avg_hit_rate": 0.7906349206349206,
      "avg_populist_bias": -0.10943381668178638
    },
    "rank_rule": {
      "seasons": [
        1,
        2,
        28,
        29,
        30,
        31,
        32,
        33,
        34
      ],
      "avg_hit_rate": 0.7931898348565015,
      "avg_populist_bias": -0.11793206570476032
    }
  }
}