{
  "overall_statistics": {
    "overall_hit_rate_top1": 0.35906040268456374,
    "overall_hit_rate_top3": 0.7718120805369127,
    "total_predictions": 298,
    "total_hits_top1": 107,
    "total_hits_top3": 230,
    "season_hit_rates_top1": {
      "1": 0.3333333333333333,
      "2": 0.2857142857142857,
      "3": 0.2857142857142857,
      "4": 0.5,
      "5": 0.3333333333333333,
      "6": 0.6666666666666666,
      "7": 0.5555555555555556,
      "8": 0.4,
      "9": 0.25,
      "10": 0.5,
      "11": 0.3333333333333333,
      "12": 0.375,
      "13": 0.4444444444444444,
      "14": 0.3333333333333333,
      "15": 0.4,
      "16": 0.5,
      "17": 0.3333333333333333,
      "18": 0.25,
      "19": 0.2,
      "20": 0.2222222222222222,
      "21": 0.375,
      "22": 0.3333333333333333,
      "23": 0.6,
      "24": 0.3333333333333333,
      "25": 0.3,
      "26": 0.2857142857142857,
      "27": 0.1111111111111111,
      "28": 0.42857142857142855,
      "29": 0.4,
      "30": 0.2727272727272727,
      "31": 0.45454545454545453,
      "32": 0.3333333333333333,
      "33": 0.125,
      "34": 0.3333333333333333
    },
    "season_hit_rates_top3": {
      "1": 1.0,
      "2": 1.0,
      "3": 0.7142857142857143,
      "4": 0.875,
      "5": 0.8888888888888888,
      "6": 0.8888888888888888,
      "7": 0.8888888888888888,
      "8": 0.8,
      "9": 0.75,
      "10": 0.75,
      "11": 0.6666666666666666,
      "12": 1.0,
      "13": 0.6666666666666666,
      "14": 0.8888888888888888,
      "15": 0.6,
      "16": 1.0,
      "17": 0.6666666666666666,
      "18": 0.625,
      "19": 0.7,
      "20": 0.4444444444444444,
      "21": 0.75,
      "22": 0.7777777777777778,
      "23": 0.8,
      "24": 0.7777777777777778,
      "25": 0.8,
      "26": 0.7142857142857143,
      "27": 0.5555555555555556,
      "28": 0.7142857142857143,
      "29": 0.9,
      "30": 0.8181818181818182,
      "31": 0.8181818181818182,
      "32": 0.6666666666666666,
      "33": 0.75,
      "34": 0.7777777777777778
    }
  },
  "consistency_metrics": {
    "overall_posterior_consistency": 0.5915935072191232,
    "overall_map_match_rate": 0.8409090909090909,
    "season_metrics": {
      "1": {
        "posterior_consistency": 0.9348166434896998,
        "map_match_rate": 1.0
      },
      "2": {
        "posterior_consistency": 0.830288814911378,
        "map_match_rate": 1.0
      },
      "3": {
        "posterior_consistency": 0.4409672269351835,
        "map_match_rate": 0.42857142857142855
      },
      "4": {
        "posterior_consistency": 0.6002493343757087,
        "map_match_rate": 1.0
      },
      "5": {
        "posterior_consistency": 0.5054865336520176,
        "map_match_rate": 0.7777777777777778
      },
      "6": {
        "posterior_consistency": 0.6360641104803039,
        "map_match_rate": 1.0
      },
      "7": {
        "posterior_consistency": 0.6245373529173344,
        "map_match_rate": 1.0
      },
      "8": {
        "posterior_consistency": 0.5467006349691261,
        "map_match_rate": 0.8888888888888888
      },
      "9": {
        "posterior_consistency": 0.5144019382581386,
        "map_match_rate": 0.8888888888888888
      },
      "10": {
        "posterior_consistency": 0.5739187961272889,
        "map_match_rate": 0.875
      },
      "11": {
        "posterior_consistency": 0.4557567006888567,
        "map_match_rate": 0.8888888888888888
      },
      "12": {
        "posterior_consistency": 0.5415455114354373,
        "map_match_rate": 1.0
      },
      "13": {
        "posterior_consistency": 0.5051804264906434,
        "map_match_rate": 1.0
      },
      "14": {
        "posterior_consistency": 0.5731946870585037,
        "map_match_rate": 1.0
      },
      "15": {
        "posterior_consistency": 0.5839249957831656,
        "map_match_rate": 1.0
      },
      "16": {
        "posterior_consistency": 0.6166120163159389,
        "map_match_rate": 0.875
      },
      "17": {
        "posterior_consistency": 0.4196885060511111,
        "map_match_rate": 0.4444444444444444
      },
      "18": {
        "posterior_consistency": 0.39366085318319516,
        "map_match_rate": 0.5714285714285714
      },
      "19": {
        "posterior_consistency": 0.47030591460091536,
        "map_match_rate": 0.6
      },
      "20": {
        "posterior_consistency": 0.3730783023082107,
        "map_match_rate": 0.75
      },
      "21": {
        "posterior_consistency": 0.5512356566115327,
        "map_match_rate": 0.8571428571428571
      },
      "22": {
        "posterior_consistency": 0.614106873818403,
        "map_match_rate": 1.0
      },
      "23": {
        "posterior_consistency": 0.5856987010921064,
        "map_match_rate": 0.8888888888888888
      },
      "24": {
        "posterior_consistency": 0.5215695510145906,
        "map_match_rate": 0.875
      },
      "25": {
        "posterior_consistency": 0.57822938308158,
        "map_match_rate": 0.875
      },
      "26": {
        "posterior_consistency": 0.7716666666666668,
        "map_match_rate": 1.0
      },
      "27": {
        "posterior_consistency": 0.3336200181750056,
        "map_match_rate": 0.5714285714285714
      },
      "28": {
        "posterior_consistency": 0.7528571428542926,
        "map_match_rate": 0.8571428571428571
      },
      "29": {
        "posterior_consistency": 0.8325677456528018,
        "map_match_rate": 0.8888888888888888
      },
      "30": {
        "posterior_consistency": 0.7590195608851812,
        "map_match_rate": 0.75
      },
      "31": {
        "posterior_consistency": 0.9466970556259496,
        "map_match_rate": 1.0
      },
      "32": {
        "posterior_consistency": 0.6779052839149877,
        "map_match_rate": 0.6666666666666666
      },
      "33": {
        "posterior_consistency": 0.6652643504449759,
        "map_match_rate": 0.8333333333333334
      },
      "34": {
        "posterior_consistency": 0.7208823831541311,
        "map_match_rate": 0.75
      }
    }
  },
  "uncertainty_heterogeneity": {
    "overall_avg_ci_width": 0.22336780684114046,
    "by_status": {
      "eliminated": 0.11711887425276744,
      "survivor": 0.2395337561130394
    },
    "by_week_phase": {
      "early": 0.17787775457830152,
      "middle": 0.23930067209592,
      "late": 0.31732386495674836
    },
    "heterogeneity_ratio": 2.0452190788316034
  },
  "top_controversies": [
    {
      "season": 33,
      "week": 2,
      "eliminated": [
        "Tori Spelling",
        "Anna Delvey"
      ],
      "log_likelihood": -209.05793525737903,
      "surprise_score": 209.05793525737903
    },
    {
      "season": 34,
      "week": 2,
      "eliminated": [
        "Corey Feldman",
        "Baron Davis"
      ],
      "log_likelihood": -112.00985579059179,
      "surprise_score": 112.00985579059179
    },
    {
      "season": 30,
      "week": 4,
      "eliminated": [
        "Brian Austin Green",
        "Matt James"
      ],
      "log_likelihood": -103.35880578907792,
      "surprise_score": 103.35880578907792
    },
    {
      "season": 30,
      "week": 9,
      "eliminated": [
        "Melora Hardin",
        "Suni Lee"
      ],
      "log_likelihood": -47.32484625056598,
      "surprise_score": 47.32484625056598
    },
    {
      "season": 29,
      "week": 10,
      "eliminated": [
        "Skai Jackson",
        "Johnny Weir"
      ],
      "log_likelihood": -44.279195984861914,
      "surprise_score": 44.279195984861914
    },
    {
      "season": 2,
      "week": 2,
      "eliminated": [
        "Tatum O'Neal"
      ],
      "log_likelihood": -40.416213186840544,
      "surprise_score": 40.416213186840544
    },
    {
      "season": 1,
      "week": 2,
      "eliminated": [
        "Trista Sutter"
      ],
      "log_likelihood": -39.88129126740889,
      "surprise_score": 39.88129126740889
    },
    {
      "season": 33,
      "week": 3,
      "eliminated": [
        "Eric Roberts",
        "Reginald VelJohnson"
      ],