{
  "overall_statistics": {
    "overall_hit_rate_top1": 0.35570469798657717,
    "overall_hit_rate_top3": 0.7751677852348994,
    "total_predictions": 298,
    "total_hits_top1": 106,
    "total_hits_top3": 231,
    "season_hit_rates_top1": {
      "1": 0.3333333333333333,
      "2": 0.2857142857142857,
      "3": 0.2857142857142857,
      "4": 0.375,
      "5": 0.3333333333333333,
      "6": 0.5555555555555556,
      "7": 0.4444444444444444,
      "8": 0.4,
      "9": 0.08333333333333333,
      "10": 0.625,
      "11": 0.3333333333333333,
      "12": 0.5,
      "13": 0.4444444444444444,
      "14": 0.4444444444444444,
      "15": 0.3,
      "16": 0.625,
      "17": 0.3333333333333333,
      "18": 0.25,
      "19": 0.2,
      "20": 0.1111111111111111,
      "21": 0.25,
      "22": 0.5555555555555556,
      "23": 0.6,
      "24": 0.3333333333333333,
      "25": 0.3,
      "26": 0.2857142857142857,
      "27": 0.1111111111111111,
      "28": 0.42857142857142855,
      "29": 0.6,
      "30": 0.36363636363636365,
      "31": 0.2727272727272727,
      "32": 0.2222222222222222,
      "33": 0.375,
      "34": 0.2222222222222222
    },
    "season_hit_rates_top3": {
      "1": 1.0,
      "2": 1.0,
      "3": 0.7142857142857143,
      "4": 0.875,
      "5": 0.8888888888888888,
      "6": 1.0,
      "7": 0.8888888888888888,
      "8": 0.7,
      "9": 0.8333333333333334,
      "10": 0.875,
      "11": 0.6666666666666666,
      "12": 1.0,
      "13": 0.6666666666666666,
      "14": 0.8888888888888888,
      "15": 0.6,
      "16": 1.0,
      "17": 0.8888888888888888,
      "18": 0.5,
      "19": 0.8,
      "20": 0.4444444444444444,
      "21": 0.75,
      "22": 1.0,
      "23": 0.9,
      "24": 0.7777777777777778,
      "25": 0.7,
      "26": 0.7142857142857143,
      "27": 0.5555555555555556,
      "28": 0.7142857142857143,
      "29": 1.0,
      "30": 0.7272727272727273,
      "31": 0.6363636363636364,
      "32": 0.5555555555555556,
      "33": 0.75,
      "34": 0.5555555555555556
    }
  },
  "top_controversies": [
    {
      "season": 33,
      "week": 2,
      "eliminated": [
        "Tori Spelling",
        "Anna Delvey"
      ],
      "log_likelihood": -147.7502362800819,
      "surprise_score": 147.7502362800819
    },
    {
      "season": 34,
      "week": 2,
      "eliminated": [
        "Corey Feldman",
        "Baron Davis"
      ],
      "log_likelihood": -56.27571721901826,
      "surprise_score": 56.27571721901826
    },
    {
      "season": 2,
      "week": 3,
      "eliminated": [
        "Giselle Fernandez"
      ],
      "log_likelihood": -44.835528278923825,
      "surprise_score": 44.835528278923825
    },
    {
      "season": 30,
      "week": 8,
      "eliminated": [
        "Jimmie Allen",
        "Olivia Jade"
      ],
      "log_likelihood": -44.3184906713426,
      "surprise_score": 44.3184906713426
    },
    {
      "season": 29,
      "week": 10,
      "eliminated": [
        "Skai Jackson",
        "Johnny Weir"
      ],
      "log_likelihood": -36.0714322281606,
      "surprise_score": 36.0714322281606
    },
    {
      "season": 2,
      "week": 2,
      "eliminated": [
        "Tatum O'Neal"
      ],
      "log_likelihood": -34.40704695782355,
      "surprise_score": 34.40704695782355
    },
    {
      "season": 30,
      "week": 9,
      "eliminated": [
        "Melora Hardin",
        "Suni Lee"
      ],
      "log_likelihood": -32.566178282498996,
      "surprise_score": 32.566178282498996
    },
    {
      "season": 1,
      "week": 4,
      "eliminated": [
        "Rachel Hunter"
      ],
      "log_likelihood": -30.315093797707224,
      "surprise_score": 30.315093797707224
    },
    {
      "season": 1,
      "week": 2,
      "eliminated": [
        "Trista Sutter"
      ],
      "log_likelihood": -29.957037430376896,
      "surprise_score": 29.957037430376896
    },
    {
      "season": 30,
      "week": 5,
      "eliminated": [
        "Melanie C"
      ],
      "log_likelihood": -23.02585092994045,
      "surprise_score": 23.02585092994045
    },
    {
      "season": 32,
      "week": 7,
      "eliminated": [
        "Lele Pons"
      ],
      "log_likelihood": -23.02585092994045,
      "surprise_score": 23.02585092994045
    },
    {
      "season": 33,
      "week": 6,
      "eliminated": [
        "Jenn Tran"
      ],
      "log_likelihood": -23.02585092994045,
      "surprise_score": 23.02585092994045
    },
    {
      "season": 28,
      "week": 6,
      "eliminated": [
        "Sailor Brinkley-Cook"
      ],
      "log_likelihood": -22.948250100909966,
      "surprise_score": 22.948250100909966
    },
    {
      "season": 32,
      "week": 6,
      "eliminated": [
        "Mauricio Umansky"
      ],
      "log_likelihood": -22.79853047271099,
      "surprise_score": 22.79853047271099
    },
    {
      "season": 28,
      "week": 8,
      "eliminated": [
        "Kate Flannery"
      ],
      "log_likelihood": -22.736529143073234,
      "surprise_score": 22.736529143073234
    },
    {
      "season": 34,
      "week": 4,
      "eliminated": [
        "Hilaria Baldwin"
      ],
      "log_likelihood": -22.60114671850675,
      "surprise_score": 22.60114671850675
    },
    {
      "season": 34,
      "week": 10,
      "eliminated": [
        "Whitney Leavitt"
      ],
      "log_likelihood": -22.52322735032448,
      "surprise_score": 22.52322735032448
    },
    {
      "season": 30,
      "week": 3,
      "eliminated": [
        "Christine Chiu"
      ],
      "log_likelihood": -22.330124433456966,
      "surprise_score": 22.330124433456966
    },
    {
      "season": 32,
      "week": 4,
      "eliminated": [
        "Adrian Peterson"
      ],
      "log_likelihood": -22.111086998846254,
      "surprise_score": 22.111086998846254
    },
    {
      "season": 32,
      "week": 2,
      "eliminated": [
        "Jamie Lynn Spears"
      ],
      "log_likelihood": -22.05604674185147,
      "surprise_score": 22.05604674185147
    }
  ],
  "rule_fairness_analysis": {
    "percentage_rule": {
      "seasons": [
        3,
        4,
        5,
        6,
        7,
        8,
        9,
        10,
        11,
        12,
        13,
        14,
        15,
        16,
        17,
        18,
        19,
        20,
        21,
        22,
        23,
        24,
        25,
        26,
        27
      ],
      "avg_hit_rate": 0.7851428571428571,
      "avg_populist_bias": -0.10376134605453755
    },
    "rank_rule": {
      "seasons": [
        1,
        2,
        28,
        29,
        30,
        31,
        32,
        33,
        34
      ],
      "avg_hit_rate": 0.7710036876703543,
      "avg_populist_bias": -0.11776655510903043
    }
  }
}