{
  "overall_statistics": {
    "overall_hit_rate_top1": 0.348993288590604,
    "overall_hit_rate_top3": 0.7516778523489933,
    "total_predictions": 298,
    "total_hits_top1": 104,
    "total_hits_top3": 224,
    "season_hit_rates_top1": {
      "1": 0.3333333333333333,
      "2": 0.2857142857142857,
      "3": 0.2857142857142857,
      "4": 0.5,
      "5": 0.3333333333333333,
      "6": 0.5555555555555556,
      "7": 0.5555555555555556,
      "8": 0.4,
      "9": 0.16666666666666666,
      "10": 0.625,
      "11": 0.3333333333333333,
      "12": 0.25,
      "13": 0.3333333333333333,
      "14": 0.3333333333333333,
      "15": 0.3,
      "16": 0.5,
      "17": 0.3333333333333333,
      "18": 0.25,
      "19": 0.3,
      "20": 0.2222222222222222,
      "21": 0.375,
      "22": 0.3333333333333333,
      "23": 0.6,
      "24": 0.3333333333333333,
      "25": 0.3,
      "26": 0.2857142857142857,
      "27": 0.1111111111111111,
      "28": 0.42857142857142855,
      "29": 0.6,
      "30": 0.36363636363636365,
      "31": 0.36363636363636365,
      "32": 0.1111111111111111,
      "33": 0.125,
      "34": 0.3333333333333333
    },
    "season_hit_rates_top3": {
      "1": 1.0,
      "2": 1.0,
      "3": 0.7142857142857143,
      "4": 0.875,
      "5": 0.8888888888888888,
      "6": 0.8888888888888888,
      "7": 0.7777777777777778,
      "8": 0.8,
      "9": 0.6666666666666666,
      "10": 0.75,
      "11": 0.8888888888888888,
      "12": 0.625,
      "13": 0.6666666666666666,
      "14": 0.8888888888888888,
      "15": 0.6,
      "16": 1.0,
      "17": 0.5555555555555556,
      "18": 0.625,
      "19": 0.7,
      "20": 0.4444444444444444,
      "21": 0.625,
      "22": 0.8888888888888888,
      "23": 0.9,
      "24": 0.7777777777777778,
      "25": 0.8,
      "26": 0.7142857142857143,
      "27": 0.5555555555555556,
      "28": 0.7142857142857143,
      "29": 1.0,
      "30": 0.7272727272727273,
      "31": 0.7272727272727273,
      "32": 0.5555555555555556,
      "33": 0.75,
      "34": 0.6666666666666666
    }
  },
  "consistency_metrics": {
    "overall_posterior_consistency": 0.5866181323776121,
    "overall_map_match_rate": 0.8295454545454546,
    "season_metrics": {
      "1": {
        "posterior_consistency": 0.935066908549159,
        "map_match_rate": 1.0
      },
      "2": {
        "posterior_consistency": 0.8480955970833163,
        "map_match_rate": 1.0
      },
      "3": {
        "posterior_consistency": 0.44578243552710867,
        "map_match_rate": 0.42857142857142855
      },
      "4": {
        "posterior_consistency": 0.5838798371394194,
        "map_match_rate": 1.0
      },
      "5": {
        "posterior_consistency": 0.5054047471450909,
        "map_match_rate": 0.7777777777777778
      },
      "6": {
        "posterior_consistency": 0.6319699302327582,
        "map_match_rate": 1.0
      },
      "7": {
        "posterior_consistency": 0.6107045880900634,
        "map_match_rate": 0.875
      },
      "8": {
        "posterior_consistency": 0.5427240028384989,
        "map_match_rate": 0.7777777777777778
      },
      "9": {
        "posterior_consistency": 0.48258651841828626,
        "map_match_rate": 0.7777777777777778
      },
      "10": {
        "posterior_consistency": 0.5680956963031545,
        "map_match_rate": 0.875
      },
      "11": {
        "posterior_consistency": 0.4849873125148684,
        "map_match_rate": 0.7777777777777778
      },
      "12": {
        "posterior_consistency": 0.5352778185717332,
        "map_match_rate": 1.0
      },
      "13": {
        "posterior_consistency": 0.5094006256490563,
        "map_match_rate": 0.7777777777777778
      },
      "14": {
        "posterior_consistency": 0.5642449066332473,
        "map_match_rate": 1.0
      },
      "15": {
        "posterior_consistency": 0.5883731966156239,
        "map_match_rate": 0.8571428571428571
      },
      "16": {
        "posterior_consistency": 0.6054239213186396,
        "map_match_rate": 0.875
      },
      "17": {
        "posterior_consistency": 0.41870401111765776,
        "map_match_rate": 0.5555555555555556
      },
      "18": {
        "posterior_consistency": 0.3913030458447863,
        "map_match_rate": 0.5714285714285714
      },
      "19": {
        "posterior_consistency": 0.4571337497912794,
        "map_match_rate": 0.6
      },
      "20": {
        "posterior_consistency": 0.37722971550810536,
        "map_match_rate": 0.75
      },
      "21": {
        "posterior_consistency": 0.5448787353533272,
        "map_match_rate": 1.0
      },
      "22": {
        "posterior_consistency": 0.635407742255203,
        "map_match_rate": 1.0
      },
      "23": {
        "posterior_consistency": 0.5787207880156227,
        "map_match_rate": 1.0
      },
      "24": {
        "posterior_consistency": 0.5253572904750915,
        "map_match_rate": 0.875
      },
      "25": {
        "posterior_consistency": 0.5879059693221961,
        "map_match_rate": 0.875
      },
      "26": {
        "posterior_consistency": 0.7673333333333257,
        "map_match_rate": 1.0
      },
      "27": {
        "posterior_consistency": 0.3165114954295218,
        "map_match_rate": 0.5714285714285714
      },
      "28": {
        "posterior_consistency": 0.743809523805191,
        "map_match_rate": 0.8571428571428571
      },
      "29": {
        "posterior_consistency": 0.8367545546402031,
        "map_match_rate": 0.8888888888888888
      },
      "30": {
        "posterior_consistency": 0.7366719742312486,
        "map_match_rate": 0.75
      },
      "31": {
        "posterior_consistency": 0.9525921583948738,
        "map_match_rate": 1.0
      },
      "32": {
        "posterior_consistency": 0.6120162911680627,
        "map_match_rate": 0.6666666666666666
      },
      "33": {
        "posterior_consistency": 0.6568596246242705,
        "map_match_rate": 0.8333333333333334
      },
      "34": {
        "posterior_consistency": 0.7149057876574868,
        "map_match_rate": 0.875
      }
    }
  },
  "uncertainty_heterogeneity": {
    "overall_avg_ci_width": 0.2267681976647187,
    "by_status": {
      "eliminated": 0.11838577165330898,
      "survivor": 0.2432587614584629
    },
    "by_week_phase": {
      "early": 0.17780332896673007,
      "middle": 0.24390125687846684,
      "late": 0.32793092747043967
    },
    "heterogeneity_ratio": 2.0547972789402653
  },
  "top_controversies": [
    {
      "season": 33,
      "week": 2,
      "eliminated": [
        "Tori Spelling",
        "Anna Delvey"
      ],
      "log_likelihood": -208.42880717400763,
      "surprise_score": 208.42880717400763
    },
    {
      "season": 34,
      "week": 2,
      "eliminated": [
        "Corey Feldman",
        "Baron Davis"
      ],
      "log_likelihood": -113.43206783294445,
      "surprise_score": 113.43206783294445
    },
    {
      "season": 30,
      "week": 4,
      "eliminated": [
        "Brian Austin Green",
        "Matt James"
      ],
      "log_likelihood": -106.47108380965219,
      "surprise_score": 106.47108380965219
    },
    {
      "season": 33,
      "week": 3,
      "eliminated": [
        "Eric Roberts",
        "Reginald VelJohnson"
      ],
      "log_likelihood": -50.83262240409486,
      "surprise_score": 50.83262240409486
    },
    {
      "season": 2,
      "week": 2,
      "eliminated": [
        "Tatum O'Neal"
      ],
      "log_likelihood": -44.14142749490711,
      "surprise_score": 44.14142749490711
    },
    {
      "season": 1,
      "week": 2,
      "eliminated": [
        "Trista Sutter"
      ],
      "log_likelihood": -37.370112810821425,
      "surprise_score": 37.370112810821425
    },
    {
      "season": 2,
      "week": 3,
      "eliminated": [
        "Giselle Fernandez"
      ],
      "log_likelihood": -33.428481920006824,
      "surprise_score": 33.428481920006824
    },
    {
      "season": 29,
      "week": 10,