{
  "overall_statistics": {
    "overall_hit_rate_top1": 0.35570469798657717,
    "overall_hit_rate_top3": 0.7684563758389261,
    "total_predictions": 298,
    "total_hits_top1": 106,
    "total_hits_top3": 229,
    "season_hit_rates_top1": {
      "1": 0.3333333333333333,
      "2": 0.42857142857142855,
      "3": 0.2857142857142857,
      "4": 0.375,
      "5": 0.4444444444444444,
      "6": 0.5555555555555556,
      "7": 0.4444444444444444,
      "8": 0.4,
      "9": 0.16666666666666666,
      "10": 0.625,
      "11": 0.3333333333333333,
      "12": 0.375,
      "13": 0.4444444444444444,
      "14": 0.4444444444444444,
      "15": 0.3,
      "16": 0.625,
      "17": 0.3333333333333333,
      "18": 0.25,
      "19": 0.2,
      "20": 0.1111111111111111,
      "21": 0.25,
      "22": 0.4444444444444444,
      "23": 0.6,
      "24": 0.3333333333333333,
      "25": 0.3,
      "26": 0.2857142857142857,
      "27": 0.1111111111111111,
      "28": 0.42857142857142855,
      "29": 0.5,
      "30": 0.36363636363636365,
      "31": 0.2727272727272727,
      "32": 0.2222222222222222,
      "33": 0.375,
      "34": 0.2222222222222222
    },
    "season_hit_rates_top3": {
      "1": 1.0,
      "2": 1.0,
      "3": 0.5714285714285714,
      "4": 0.875,
      "5": 0.8888888888888888,
      "6": 0.8888888888888888,
      "7": 0.7777777777777778,
      "8": 0.7,
      "9": 0.6666666666666666,
      "10": 0.875,
      "11": 0.6666666666666666,
      "12": 1.0,
      "13": 0.6666666666666666,
      "14": 1.0,
      "15": 0.7,
      "16": 1.0,
      "17": 0.7777777777777778,
      "18": 0.625,
      "19": 0.8,
      "20": 0.5555555555555556,
      "21": 0.625,
      "22": 1.0,
      "23": 0.9,
      "24": 0.7777777777777778,
      "25": 0.8,
      "26": 0.7142857142857143,
      "27": 0.5555555555555556,
      "28": 0.5714285714285714,
      "29": 1.0,
      "30": 0.6363636363636364,
      "31": 0.8181818181818182,
      "32": 0.5555555555555556,
      "33": 0.75,
      "34": 0.5555555555555556
    }
  },
  "consistency_metrics": {
    "overall_posterior_consistency": 0.4892020650596286,
    "overall_map_match_rate": 0.5227272727272727,
    "season_metrics": {
      "1": {
        "posterior_consistency": 0.9721039563157149,
        "map_match_rate": 1.0
      },
      "2": {
        "posterior_consistency": 0.8931222935072449,
        "map_match_rate": 1.0
      },
      "3": {
        "posterior_consistency": 0.35069076251495485,
        "map_match_rate": 0.2857142857142857
      },
      "4": {
        "posterior_consistency": 0.46073628016134904,
        "map_match_rate": 0.375
      },
      "5": {
        "posterior_consistency": 0.44348637665166385,
        "map_match_rate": 0.4444444444444444
      },
      "6": {
        "posterior_consistency": 0.6058726726749091,
        "map_match_rate": 0.875
      },
      "7": {
        "posterior_consistency": 0.51535109857625,
        "map_match_rate": 0.625
      },
      "8": {
        "posterior_consistency": 0.4960694267755984,
        "map_match_rate": 0.5555555555555556
      },
      "9": {
        "posterior_consistency": 0.3165504587070391,
        "map_match_rate": 0.2222222222222222
      },
      "10": {
        "posterior_consistency": 0.5962125083003968,
        "map_match_rate": 0.625
      },
      "11": {
        "posterior_consistency": 0.3798488850295639,
        "map_match_rate": 0.3333333333333333
      },
      "12": {
        "posterior_consistency": 0.5345163568683087,
        "map_match_rate": 0.625
      },
      "13": {
        "posterior_consistency": 0.4612246275088234,
        "map_match_rate": 0.4444444444444444
      },
      "14": {
        "posterior_consistency": 0.5675383393968662,
        "map_match_rate": 0.75
      },
      "15": {
        "posterior_consistency": 0.44803280937665535,
        "map_match_rate": 0.42857142857142855
      },
      "16": {
        "posterior_consistency": 0.6336574091556508,
        "map_match_rate": 0.75
      },
      "17": {
        "posterior_consistency": 0.3307187102762425,
        "map_match_rate": 0.3333333333333333
      },
      "18": {
        "posterior_consistency": 0.28216208427990486,
        "map_match_rate": 0.2857142857142857
      },
      "19": {
        "posterior_consistency": 0.30770933022404495,
        "map_match_rate": 0.3
      },
      "20": {
        "posterior_consistency": 0.2443654291009496,
        "map_match_rate": 0.25
      },
      "21": {
        "posterior_consistency": 0.3919108476477236,
        "map_match_rate": 0.2857142857142857
      },
      "22": {
        "posterior_consistency": 0.6663749137865042,
        "map_match_rate": 0.8571428571428571
      },
      "23": {
        "posterior_consistency": 0.5828459959627019,
        "map_match_rate": 0.7777777777777778
      },
      "24": {
        "posterior_consistency": 0.4292762668410596,
        "map_match_rate": 0.625
      },
      "25": {
        "posterior_consistency": 0.550151493718904,
        "map_match_rate": 0.75
      },
      "26": {
        "posterior_consistency": 0.7504659229358187,
        "map_match_rate": 0.6666666666666666
      },
      "27": {
        "posterior_consistency": 0.17945200010259013,
        "map_match_rate": 0.14285714285714285
      },
      "28": {
        "posterior_consistency": 0.48238317711944945,
        "map_match_rate": 0.5714285714285714
      },
      "29": {
        "posterior_consistency": 0.718566482003504,
        "map_match_rate": 0.6666666666666666
      },
      "30": {
        "posterior_consistency": 0.6215099518141326,
        "map_match_rate": 0.625
      },
      "31": {
        "posterior_consistency": 0.665266170025887,
        "map_match_rate": 0.5555555555555556
      },
      "32": {
        "posterior_consistency": 0.2877021926891261,
        "map_match_rate": 0.2222222222222222
      },
      "33": {
        "posterior_consistency": 0.6370484422574751,
        "map_match_rate": 0.6666666666666666
      },
      "34": {
        "posterior_consistency": 0.37616662253941396,
        "map_match_rate": 0.375
      }
    }
  },
  "top_controversies": [
    {
      "season": 33,
      "week": 2,
      "eliminated": [
        "Tori Spelling",
        "Anna Delvey"
      ],
      "log_likelihood": -144.96290481201274,
      "surprise_score": 144.96290481201274
    },
    {
      "season": 30,
      "week": 9,
      "eliminated": [
        "Melora Hardin",
        "Suni Lee"
      ],
      "log_likelihood": -61.73645550124636,
      "surprise_score": 61.73645550124636
    },
    {
      "season": 34,
      "week": 2,
      "eliminated": [
        "Corey Feldman",
        "Baron Davis"
      ],
      "log_likelihood": -54.08330223859323,
      "surprise_score": 54.08330223859323
    },
    {
      "season": 2,
      "week": 2,
      "eliminated": [
        "Tatum O'Neal"
      ],
      "log_likelihood": -35.98350656454163,
      "surprise_score": 35.98350656454163
    },
    {
      "season": 29,
      "week": 10,
      "eliminated": [
        "Skai Jackson",
        "Johnny Weir"
      ],
      "log_likelihood": -35.40583165437288,
      "surprise_score": 35.40583165437288
    },
    {
      "season": 2,
      "week": 3,
      "eliminated": [
        "Giselle Fernandez"
      ],
      "log_likelihood": -35.35389296136628,
      "surprise_score": 35.35389296136628
    },
    {
      "season": 1,
      "week": 2,
      "eliminated": [
        "Trista Sutter"
      ],
      "log_likelihood": -29.487411987986597,
      "surprise_score": 29.487411987986597
    },
    {
      "season": 30,
      "week": 8,
      "eliminated": [
        "Jimmie Allen",
        "Olivia Jade"
      ],
      "log_likelihood": -27.861073927549498,
      "surprise_score": 27.861073927549498
    },
    {
      "season": 1,
      "week": 4,
      "eliminated": [
        "Rachel Hunter"
      ],
      "log_likelihood": -25.508827031971343,
      "surprise_score": 25.508827031971343
    },
    {
      "season": 32,